"model_name","ME","RMSE","MAE","MPE","MAPE"
"arima1",163.508473997642,291.826996350855,243.871819587544,9.96874077070474,14.8528733641538
