"model_name","ME","RMSE","MAE","MPE","MAPE"
"arima1",139.233090487671,301.419004468703,247.843739181561,8.26127065008088,14.7427380308982
