"model_name","ME","RMSE","MAE","MPE","MAPE"
"arima1",241.897665184014,355.105768213369,310.634286969801,14.7591181893136,18.8706905874167
